,baseVolume,percentChange,high,low,highestBid,quoteVolume,index
5,376.631144378377295476,0.28449502,0.002889387209989198,0.00260026,0.003002164263517476,135967.081119325780723598,GOT
1,13.57298704618689581,3.50877193,0.000118,0.000094,0.000102,128000,MAS
6,116.04654993932660788,22.29126189,0.0000445,0.00003257,0.00004362,3053527.4423338523273352,MFT
7,110.313993176633489681,4.50322581,0.00008332,0.00006711,0.00008612,1487131.886912263823797669,ESS
0,0.052127485199999999,0,0.00003402,0.00003402,0.00003404,1532.26,BWT
2,0,0,N/A,N/A,0.0000400000329,0,ZXC
3,0,0,N/A,N/A,N/A,0,VAI
4,,,,,,,ZIX
